candidate_id,anonymized_name,current_title,current_company,current_industry,years_of_experience,headline,summary,top_10_skills,final_score,semantic_similarity,title_relevance,experience_fit,retrieval_domain_score,vector_score,production_ml_score,product_company_score,recruitability_score
CAND_0055905,Anika Rao,Senior Machine Learning Engineer,Flipkart,E-commerce,8.1,"Senior Machine Learning Engineer | LLMs, RAG, Vector Search | ex-Top Tech","Senior AI engineer with 8.1 years of hands-on experience building production ML systems, with a focus on search, retrieval, and ranking. Most recently, I led the migration from keyword-based ranking to a learning-to-rank model with embedded behavioral signals, serving 50M+ queries per month. My day-to-day work spans embedding model selection and fine-tuning, hybrid retrieval architecture, learning-to-rank, behavioral-signal integration, and the offline/online evaluation that ties it all together. I've shipped systems in both early-stage product companies and at larger scale, and I've spent enough time on both that I know which tradeoffs apply where. I care more about shipping a working system in 6 weeks than a theoretically perfect one in 6 months. Currently exploring my next move — looking for senior IC or tech-lead roles where I can own the intelligence layer end-to-end.","Elasticsearch, ASR, Hugging Face Transformers, Haystack, Speech Recognition, LangChain, Python, LLMs, OpenSearch, Fine-tuning LLMs",0.8087,0.4434,1.0,1.0,0.875,0.8333,1.0,1.0,1.0
CAND_0071974,Sai Verma,Senior AI Engineer,Netflix,Media,7.8,Senior AI Engineer | Production ML at scale | 7.8+ yrs,"Senior AI engineer with 7.8 years of hands-on experience building production ML systems, with a focus on search, retrieval, and ranking. Most recently, I led the migration from keyword-based ranking to a learning-to-rank model with embedded behavioral signals, handling peak QPS of 8K with sub-200ms p95. My day-to-day work spans embedding model selection and fine-tuning, hybrid retrieval architecture, learning-to-rank, behavioral-signal integration, and the offline/online evaluation that ties it all together. I've shipped systems in both early-stage product companies and at larger scale, and I've spent enough time on both that I know which tradeoffs apply where. I believe most ranking problems are solved by careful feature engineering and rigorous eval, not by bigger models. Currently exploring my next move — looking for senior IC or tech-lead roles where I can own the intelligence layer end-to-end.","LoRA, Learning to Rank, Weaviate, PEFT, BM25, Pinecone, Machine Learning, Information Retrieval, Qdrant, Embeddings",0.7296,0.4315,1.0,1.0,0.875,0.3333,1.0,1.0,0.92
CAND_0044883,Rajesh Reddy,AI Engineer,Mad Street Den,AI/ML,6.3,"AI Engineer | Search, Ranking & Retrieval","Machine learning engineer with 6.3 years of experience building ML-powered features in production. Strong background in NLP, recommendation systems, and applied AI; comfortable across the ML stack from feature engineering through deployment. Recently, I've been the de-facto ML lead on a small team, shipping models across NLP and recsys. I've learned that most retrieval problems are actually evaluation problems in disguise. My academic background is in CS/ML but my main learning has come from shipping real systems and seeing what holds up under production load. Open to senior IC roles in applied ML or AI engineering, ideally at product companies where I'd own a meaningful piece of the ML stack.","CNN, BM25, Computer Vision, Prompt Engineering, Embeddings, Data Science, QLoRA, ASR, Fine-tuning LLMs, TensorFlow",0.7262,0.54,1.0,1.0,0.875,0.6667,0.5,1.0,0.46
CAND_0018499,Aarav Trivedi,Senior Machine Learning Engineer,Zomato,Food Delivery,7.2,Senior Machine Learning Engineer | Building AI-native search & ranking systems,"Senior AI engineer with 7.2 years of hands-on experience building production ML systems, with a focus on search, retrieval, and ranking. Most recently, I designed the company's first hybrid retrieval system combining BM25 with dense vector recall, serving 50M+ queries per month. My day-to-day work spans embedding model selection and fine-tuning, hybrid retrieval architecture, learning-to-rank, behavioral-signal integration, and the offline/online evaluation that ties it all together. I've shipped systems in both early-stage product companies and at larger scale, and I've spent enough time on both that I know which tradeoffs apply where. I have strong opinions about when LLMs are the right hammer and when classical IR is — usually it's both. Currently exploring my next move — looking for senior IC or tech-lead roles where I can own the intelligence layer end-to-end.","Deep Learning, Weaviate, Recommendation Systems, scikit-learn, Diffusion Models, Pinecone, Information Retrieval, Milvus, QLoRA, RAG",0.7101,0.441,1.0,1.0,0.75,0.6667,0.75,1.0,1.0
CAND_0002025,Ira Dalal,Senior AI Engineer,Apple,Consumer Electronics,5.9,Senior AI Engineer | Building AI-native search & ranking systems,"Senior AI engineer with 5.9 years of hands-on experience building production ML systems, with a focus on search, retrieval, and ranking. Most recently, I designed the company's first hybrid retrieval system combining BM25 with dense vector recall, across a corpus of 30M+ candidate profiles. My day-to-day work spans embedding model selection and fine-tuning, hybrid retrieval architecture, learning-to-rank, behavioral-signal integration, and the offline/online evaluation that ties it all together. I've shipped systems in both early-stage product companies and at larger scale, and I've spent enough time on both that I know which tradeoffs apply where. I care more about shipping a working system in 6 weeks than a theoretically perfect one in 6 months. Currently exploring my next move — looking for senior IC or tech-lead roles where I can own the intelligence layer end-to-end.","Diffusion Models, FAISS, TensorFlow, scikit-learn, OpenSearch, Haystack, Weaviate, Sentence Transformers, QLoRA, NLP",0.6954,0.4331,1.0,1.0,0.75,0.1667,1.0,1.0,1.0
CAND_0081846,Arjun Khanna,Lead AI Engineer,Razorpay,Fintech,6.7,"Lead AI Engineer | LLMs, RAG, Vector Search | ex-Top Tech","Senior AI engineer with 6.7 years of hands-on experience building production ML systems, with a focus on search, retrieval, and ranking. Most recently, I rebuilt the candidate-JD matching pipeline from scratch, taking it from 0.72 to 0.91 NDCG@10, serving 50M+ queries per month. My day-to-day work spans embedding model selection and fine-tuning, hybrid retrieval architecture, learning-to-rank, behavioral-signal integration, and the offline/online evaluation that ties it all together. I've shipped systems in both early-stage product companies and at larger scale, and I've spent enough time on both that I know which tradeoffs apply where. I have strong opinions about when LLMs are the right hammer and when classical IR is — usually it's both. Currently exploring my next move — looking for senior IC or tech-lead roles where I can own the intelligence layer end-to-end.","Data Science, Information Retrieval, LlamaIndex, pgvector, Forecasting, Learning to Rank, Elasticsearch, PyTorch, Vector Search, scikit-learn",0.6894,0.4563,1.0,1.0,0.75,0.6667,0.5,1.0,1.0
CAND_0041611,Aarohi Chowdary,Staff Machine Learning Engineer,Locobuzz,AI/ML,6.4,Staff Machine Learning Engineer | Building AI-native search & ranking systems,"Senior AI engineer with 6.4 years of hands-on experience building production ML systems, with a focus on search, retrieval, and ranking. Most recently, I owned the offline-online evaluation harness — NDCG/MRR/recall calibrated to live A/B metrics, serving 50M+ queries per month. My day-to-day work spans embedding model selection and fine-tuning, hybrid retrieval architecture, learning-to-rank, behavioral-signal integration, and the offline/online evaluation that ties it all together. I've shipped systems in both early-stage product companies and at larger scale, and I've spent enough time on both that I know which tradeoffs apply where. I believe most ranking problems are solved by careful feature engineering and rigorous eval, not by bigger models. Currently exploring my next move — looking for senior IC or tech-lead roles where I can own the intelligence layer end-to-end.","LlamaIndex, Prompt Engineering, PyTorch, Qdrant, NLP, Weaviate, GANs, BM25, Fine-tuning LLMs, OpenSearch",0.68,0.4334,1.0,1.0,0.75,0.6667,0.5,1.0,0.7
CAND_0077337,Aarav Agarwal,Staff Machine Learning Engineer,Paytm,Fintech,7.0,Staff Machine Learning Engineer | Building AI-native search & ranking systems,"Senior AI engineer with 7.0 years of hands-on experience building production ML systems, with a focus on search, retrieval, and ranking. Most recently, I designed the company's first hybrid retrieval system combining BM25 with dense vector recall, serving 50M+ queries per month. My day-to-day work spans embedding model selection and fine-tuning, hybrid retrieval architecture, learning-to-rank, behavioral-signal integration, and the offline/online evaluation that ties it all together. I've shipped systems in both early-stage product companies and at larger scale, and I've spent enough time on both that I know which tradeoffs apply where. I care more about shipping a working system in 6 weeks than a theoretically perfect one in 6 months. Currently exploring my next move — looking for senior IC or tech-lead roles where I can own the intelligence layer end-to-end.","GANs, Semantic Search, QLoRA, pgvector, Pinecone, Feature Engineering, BM25, Information Retrieval, LLMs, OpenCV",0.6734,0.3274,1.0,1.0,1.0,0.5,0.5,1.0,0.92
CAND_0079387,Sneha Arora,AI Engineer,Microsoft,Software,6.9,AI Engineer | Applied ML | Building intelligent products,"Machine learning engineer with 6.9 years of experience building ML-powered features in production. Strong background in NLP, recommendation systems, and applied AI; comfortable across the ML stack from feature engineering through deployment. Recently, I've been the de-facto ML lead on a small team, shipping models across NLP and recsys. I've learned that most retrieval problems are actually evaluation problems in disguise. My academic background is in CS/ML but my main learning has come from shipping real systems and seeing what holds up under production load. Open to senior IC roles in applied ML or AI engineering, ideally at product companies where I'd own a meaningful piece of the ML stack.","scikit-learn, Recommendation Systems, Python, Time Series, Sentence Transformers, JavaScript, Illustrator, Vector Search, Next.js, OpenSearch",0.6676,0.4008,1.0,1.0,0.875,0.6667,0.5,1.0,1.0
CAND_0007411,Rahul Bansal,Senior Machine Learning Engineer,Amazon,Internet,8.0,Senior Machine Learning Engineer | Production ML at scale | 8.0+ yrs,"Senior AI engineer with 8.0 years of hands-on experience building production ML systems, with a focus on search, retrieval, and ranking. Most recently, I owned the offline-online evaluation harness — NDCG/MRR/recall calibrated to live A/B metrics, handling peak QPS of 8K with sub-200ms p95. My day-to-day work spans embedding model selection and fine-tuning, hybrid retrieval architecture, learning-to-rank, behavioral-signal integration, and the offline/online evaluation that ties it all together. I've shipped systems in both early-stage product companies and at larger scale, and I've spent enough time on both that I know which tradeoffs apply where. I care more about shipping a working system in 6 weeks than a theoretically perfect one in 6 months. Currently exploring my next move — looking for senior IC or tech-lead roles where I can own the intelligence layer end-to-end.","OpenSearch, Prompt Engineering, Fine-tuning LLMs, Vector Search, Data Science, BM25, PyTorch, Information Retrieval, Pinecone, TensorFlow",0.6658,0.39,1.0,1.0,0.625,0.3333,0.75,1.0,0.7
CAND_0080766,Kiara Mittal,Staff Machine Learning Engineer,Salesforce,Software,8.8,Senior Engineer | Search & Discovery Infrastructure,"Senior engineer who has spent the last several years building systems that connect users with relevant information at scale. Comfortable across the full stack from infrastructure to algorithms to product experience, though most of my time has been in the middle layer — the ranking and retrieval systems that decide what to show. Strong preference for shipping real systems over research-only work; I'd rather have a working v1 in 6 weeks than a perfect v2 in 6 months. I've made the standard mistakes — over-engineering early, optimizing offline metrics that didn't move online numbers, building beautiful infrastructure for features that users didn't actually want — so I notice them faster now. Looking for senior IC or tech-lead roles where I can own the intelligence layer end-to-end at a product company.","Search Backend, LoRA, Vue.js, Tally, Search & Discovery, MLOps, Search Infrastructure, MLflow, Open-source ML libraries, Information Retrieval Systems",0.6569,0.5517,1.0,1.0,0.625,0.1667,0.75,1.0,0.7
CAND_0005538,Aryan Goyal,Senior AI Engineer,Adobe,Software,5.9,Senior Engineer | 5.9+ yrs in production systems,"Senior engineer who has spent the last several years building systems that connect users with relevant information at scale. Comfortable across the full stack from infrastructure to algorithms to product experience, though most of my time has been in the middle layer — the ranking and retrieval systems that decide what to show. Strong preference for shipping real systems over research-only work; I'd rather have a working v1 in 6 weeks than a perfect v2 in 6 months. I've made the standard mistakes — over-engineering early, optimizing offline metrics that didn't move online numbers, building beautiful infrastructure for features that users didn't actually want — so I notice them faster now. Looking for senior IC or tech-lead roles where I can own the intelligence layer end-to-end at a product company.","Project Management, Vector Representations, Deep Learning, Content Matching, Apache Flink, Feature Engineering, Statistical Modeling, QLoRA, Python, PyTorch",0.6567,0.5714,1.0,1.0,0.75,0.1667,0.5,1.0,0.76
CAND_0051292,Shreya Chatterjee,Applied ML Engineer,Freshworks,SaaS,5.2,Applied ML Engineer | Applied ML | Building intelligent products,"Machine learning engineer with 5.2 years of experience building ML-powered features in production. Strong background in NLP, recommendation systems, and applied AI; comfortable across the ML stack from feature engineering through deployment. Recently, my main project for the last 18 months has been the recommendation system that powers our discovery feed. I've spent enough time debugging production ranking issues to know which signals matter and which are noise. My academic background is in CS/ML but my main learning has come from shipping real systems and seeing what holds up under production load. Open to senior IC roles in applied ML or AI engineering, ideally at product companies where I'd own a meaningful piece of the ML stack.","Vue.js, pgvector, FAISS, BentoML, LLMs, Time Series, Vector Search, PEFT, TTS, Fine-tuning LLMs",0.6349,0.3956,1.0,1.0,0.75,0.6667,0.25,1.0,1.0
CAND_0058575,Suresh Dutta,AI Engineer,Krutrim,AI/ML,5.8,AI Engineer | Applied ML | Building intelligent products,"Machine learning engineer with 5.8 years of experience building ML-powered features in production. Strong background in NLP, recommendation systems, and applied AI; comfortable across the ML stack from feature engineering through deployment. Recently, I shipped our first RAG-based feature this year and now own the eval framework for it. Along the way I've gotten comfortable with the operational side — A/B testing, drift monitoring, retraining schedules. My academic background is in CS/ML but my main learning has come from shipping real systems and seeing what holds up under production load. Open to senior IC roles in applied ML or AI engineering, ideally at product companies where I'd own a meaningful piece of the ML stack.","MLOps, Machine Learning, LlamaIndex, Time Series, Recommendation Systems, Pinecone, PyTorch, Hugging Face Transformers, Sentence Transformers, YOLO",0.6207,0.4023,1.0,1.0,0.625,0.6667,0.5,1.0,0.76
CAND_0046525,Tanvi Mukherjee,Senior Machine Learning Engineer,Genpact AI,AI Services,6.1,Senior Machine Learning Engineer | Building AI-native search & ranking systems,"Senior AI engineer with 6.1 years of hands-on experience building production ML systems, with a focus on search, retrieval, and ranking. Most recently, I designed the company's first hybrid retrieval system combining BM25 with dense vector recall, handling peak QPS of 8K with sub-200ms p95. My day-to-day work spans embedding model selection and fine-tuning, hybrid retrieval architecture, learning-to-rank, behavioral-signal integration, and the offline/online evaluation that ties it all together. I've shipped systems in both early-stage product companies and at larger scale, and I've spent enough time on both that I know which tradeoffs apply where. I care more about shipping a working system in 6 weeks than a theoretically perfect one in 6 months. Currently exploring my next move — looking for senior IC or tech-lead roles where I can own the intelligence layer end-to-end.","Elasticsearch, Redux, LangChain, Machine Learning, LlamaIndex, Information Retrieval, TensorFlow, LLMs, NLP, Sentence Transformers",0.6156,0.4561,1.0,1.0,0.625,0.5,0.25,1.0,0.92
CAND_0068811,Krishna Mittal,Applied ML Engineer,Freshworks,SaaS,8.0,Applied ML Engineer | Applied ML | Building intelligent products,"Machine learning engineer with 8.0 years of experience building ML-powered features in production. Strong background in NLP, recommendation systems, and applied AI; comfortable across the ML stack from feature engineering through deployment. Recently, I led the team that migrated our keyword-search-based product to embedding-based retrieval. I care a lot about evaluation rigor — too many teams ship models without offline benchmarks they trust. My academic background is in CS/ML but my main learning has come from shipping real systems and seeing what holds up under production load. Open to senior IC roles in applied ML or AI engineering, ideally at product companies where I'd own a meaningful piece of the ML stack.","Data Science, Vector Search, Speech Recognition, TTS, Kubeflow, Qdrant, scikit-learn, TensorFlow, Embeddings, pgvector",0.6156,0.4234,1.0,1.0,0.625,0.3333,0.5,1.0,1.0
CAND_0094759,Aditya Pillai,Lead AI Engineer,Meta,Internet,8.6,Lead AI Engineer | Production ML at scale | 8.6+ yrs,"Senior AI engineer with 8.6 years of hands-on experience building production ML systems, with a focus on search, retrieval, and ranking. Most recently, I rebuilt the candidate-JD matching pipeline from scratch, taking it from 0.72 to 0.91 NDCG@10, handling peak QPS of 8K with sub-200ms p95. My day-to-day work spans embedding model selection and fine-tuning, hybrid retrieval architecture, learning-to-rank, behavioral-signal integration, and the offline/online evaluation that ties it all together. I've shipped systems in both early-stage product companies and at larger scale, and I've spent enough time on both that I know which tradeoffs apply where. I believe most ranking problems are solved by careful feature engineering and rigorous eval, not by bigger models. Currently exploring my next move — looking for senior IC or tech-lead roles where I can own the intelligence layer end-to-end.","Prompt Engineering, scikit-learn, Hugging Face Transformers, Learning to Rank, Semantic Search, Qdrant, Fine-tuning LLMs, Agile, Vector Search, TTS",0.6149,0.4614,1.0,1.0,0.625,0.5,0.25,1.0,0.7
CAND_0078508,Sai Trivedi,AI Research Engineer,Rephrase.ai,AI/ML,5.2,AI Research Engineer | 5.2 yrs in analytics & ML,"Data scientist / ML engineer with 5.2 years of experience in applied machine learning. Worked across predictive modeling, NLP, analytics, and lightweight deployment workflows. I've spent the last couple of years building NLP-based classification and information extraction pipelines. I'm strongest at the modeling and analysis side; comfortable with Python, scikit-learn, pandas, and standard MLOps tooling, but I'm still building depth on the engineering and infra side of production ML. Looking for a role where I can step up to more end-to-end ownership of ML systems, not just modeling.","Sentence Transformers, LLMs, TTS, Feature Engineering, Embeddings, Prompt Engineering, Kubeflow, PostgreSQL, Reinforcement Learning, Object Detection",0.6132,0.4628,1.0,1.0,0.5,0.1667,0.5,1.0,0.7
CAND_0043958,Rajesh Kapoor,AI Research Engineer,Dream11,Gaming,6.7,AI Research Engineer | 6.7 yrs in analytics & ML,"Data scientist / ML engineer with 6.7 years of experience in applied machine learning. Worked across predictive modeling, NLP, analytics, and lightweight deployment workflows. Most of my recent work has been on predictive modeling for customer-facing problems — churn, conversion, lifetime value. I'm strongest at the modeling and analysis side; comfortable with Python, scikit-learn, pandas, and standard MLOps tooling, but I'm still building depth on the engineering and infra side of production ML. I'm looking to grow into a deeper AI/ML system-building role — closer to retrieval, LLMs, and modern ranking systems.","CI/CD, Sentence Transformers, FAISS, Forecasting, Hugging Face Transformers, Weights & Biases, Fine-tuning LLMs, Reinforcement Learning, Time Series, Azure",0.611,0.5528,1.0,1.0,0.5,0.1667,0.5,1.0,0.46
CAND_0098846,Shreya Saxena,AI Engineer,upGrad,EdTech,7.6,"AI Engineer | Search, Ranking & Retrieval","Machine learning engineer with 7.6 years of experience building ML-powered features in production. Strong background in NLP, recommendation systems, and applied AI; comfortable across the ML stack from feature engineering through deployment. Recently, I've been the de-facto ML lead on a small team, shipping models across NLP and recsys. Along the way I've gotten comfortable with the operational side — A/B testing, drift monitoring, retraining schedules. My academic background is in CS/ML but my main learning has come from shipping real systems and seeing what holds up under production load. Open to senior IC roles in applied ML or AI engineering, ideally at product companies where I'd own a meaningful piece of the ML stack.","YOLO, Kubeflow, Hugging Face Transformers, Hadoop, PEFT, QLoRA, Machine Learning, MLOps, Qdrant, Haystack",0.6079,0.5371,1.0,1.0,0.5,0.3333,0.5,1.0,0.92
CAND_0008425,Myra Krishnan,Senior NLP Engineer,Ola,Transportation,7.8,Senior NLP Engineer | Production ML at scale | 7.8+ yrs,"Senior AI engineer with 7.8 years of hands-on experience building production ML systems, with a focus on search, retrieval, and ranking. Most recently, I rebuilt the candidate-JD matching pipeline from scratch, taking it from 0.72 to 0.91 NDCG@10, operating at single-digit-millisecond p95 retrieval latency. My day-to-day work spans embedding model selection and fine-tuning, hybrid retrieval architecture, learning-to-rank, behavioral-signal integration, and the offline/online evaluation that ties it all together. I've shipped systems in both early-stage product companies and at larger scale, and I've spent enough time on both that I know which tradeoffs apply where. I've made all the standard mistakes — embedding everything before defining the metric, over-investing in fine-tuning, optimizing offline metrics that don't move online — so I notice them faster now. Currently exploring my next move — looking for senior IC or tech-lead roles where I can own the intelligence layer end-to-end.","Learning to Rank, Qdrant, Weights & Biases, pgvector, Sentence Transformers, NLP, Haystack, TensorFlow, Python, Prompt Engineering",0.6076,0.424,0.1,1.0,0.875,0.5,1.0,1.0,0.76
CAND_0043228,Kiara Sen,Applied ML Engineer,Zoho,SaaS,6.8,Applied ML Engineer | Applied ML | Building intelligent products,"Machine learning engineer with 6.8 years of experience building ML-powered features in production. Strong background in NLP, recommendation systems, and applied AI; comfortable across the ML stack from feature engineering through deployment. Recently, I built our semantic search infrastructure from scratch — sentence-transformers, FAISS, the works. I've learned that most retrieval problems are actually evaluation problems in disguise. My academic background is in CS/ML but my main learning has come from shipping real systems and seeing what holds up under production load. Open to senior IC roles in applied ML or AI engineering, ideally at product companies where I'd own a meaningful piece of the ML stack.","BigQuery, NLP, ASR, Hugging Face Transformers, FastAPI, Haystack, Image Classification, Machine Learning, Vector Search, Sentence Transformers",0.6076,0.5171,1.0,1.0,0.5,0.3333,0.5,1.0,0.7
CAND_0033861,Kabir Kapoor,Senior NLP Engineer,Mad Street Den,AI/ML,8.0,Senior NLP Engineer | Building AI-native search & ranking systems,"Senior AI engineer with 8.0 years of hands-on experience building production ML systems, with a focus on search, retrieval, and ranking. Most recently, I drove the platform's RAG strategy from prototype to production, including the eval framework, across a corpus of 30M+ candidate profiles. My day-to-day work spans embedding model selection and fine-tuning, hybrid retrieval architecture, learning-to-rank, behavioral-signal integration, and the offline/online evaluation that ties it all together. I've shipped systems in both early-stage product companies and at larger scale, and I've spent enough time on both that I know which tradeoffs apply where. I have strong opinions about when LLMs are the right hammer and when classical IR is — usually it's both. Currently exploring my next move — looking for senior IC or tech-lead roles where I can own the intelligence layer end-to-end.","Reinforcement Learning, Weaviate, LoRA, LLMs, Machine Learning, TensorFlow, LlamaIndex, Time Series, Elasticsearch, Haystack",0.6007,0.3941,0.1,1.0,1.0,0.3333,1.0,1.0,0.7
CAND_0058412,Aadhya Shetty,Senior Software Engineer (ML),InMobi,AdTech,6.6,Senior Software Engineer (ML) | Data Science & ML enthusiast,"Data scientist / ML engineer with 6.6 years of experience in applied machine learning. Worked across predictive modeling, NLP, analytics, and lightweight deployment workflows. I've spent the last couple of years building NLP-based classification and information extraction pipelines. I'm strongest at the modeling and analysis side; comfortable with Python, scikit-learn, pandas, and standard MLOps tooling, but I'm still building depth on the engineering and infra side of production ML. I'm looking to grow into a deeper AI/ML system-building role — closer to retrieval, LLMs, and modern ranking systems.","Embeddings, Speech Recognition, Data Science, Object Detection, Milvus, Time Series, gRPC, Statistical Modeling, Webpack, Fine-tuning LLMs",0.6003,0.464,1.0,1.0,0.5,0.1667,0.5,1.0,0.62
CAND_0090300,Advik Sen,AI Research Engineer,Dream11,Gaming,5.3,AI Research Engineer | Data Science & ML enthusiast,"Data scientist / ML engineer with 5.3 years of experience in applied machine learning. Worked across predictive modeling, NLP, analytics, and lightweight deployment workflows. My current role is split between dashboarding/analytics and shipping production ML models. I'm strongest at the modeling and analysis side; comfortable with Python, scikit-learn, pandas, and standard MLOps tooling, but I'm still building depth on the engineering and infra side of production ML. I'm looking to grow into a deeper AI/ML system-building role — closer to retrieval, LLMs, and modern ranking systems.","Data Science, MLflow, Machine Learning, Fine-tuning LLMs, BentoML, Recommendation Systems, LangChain, Feature Engineering, Hugging Face Transformers, CI/CD",0.5998,0.5017,1.0,1.0,0.5,0.1667,0.5,1.0,0.76
CAND_0069905,Nisha Bansal,Applied ML Engineer,Sarvam AI,AI/ML,6.6,"Applied ML Engineer | Search, Ranking & Retrieval","Machine learning engineer with 6.6 years of experience building ML-powered features in production. Strong background in NLP, recommendation systems, and applied AI; comfortable across the ML stack from feature engineering through deployment. Recently, I led the team that migrated our keyword-search-based product to embedding-based retrieval. Along the way I've gotten comfortable with the operational side — A/B testing, drift monitoring, retraining schedules. My academic background is in CS/ML but my main learning has come from shipping real systems and seeing what holds up under production load. Open to senior IC roles in applied ML or AI engineering, ideally at product companies where I'd own a meaningful piece of the ML stack.","Flask, Redux, LoRA, Computer Vision, Speech Recognition, Image Classification, Recommendation Systems, Sentence Transformers, LangChain, TensorFlow",0.599,0.3919,1.0,1.0,0.75,0.6667,0.25,1.0,0.76
CAND_0011327,Pranav Krishnan,AI Research Engineer,Krutrim,AI/ML,6.3,AI Research Engineer | Building ML-powered solutions,"Data scientist / ML engineer with 6.3 years of experience in applied machine learning. Worked across predictive modeling, NLP, analytics, and lightweight deployment workflows. Most of my recent work has been on predictive modeling for customer-facing problems — churn, conversion, lifetime value. I'm strongest at the modeling and analysis side; comfortable with Python, scikit-learn, pandas, and standard MLOps tooling, but I'm still building depth on the engineering and infra side of production ML. I'm looking to grow into a deeper AI/ML system-building role — closer to retrieval, LLMs, and modern ranking systems.","Time Series, Sales, Weights & Biases, MLflow, Sentence Transformers, Forecasting, Semantic Search, CNN, Speech Recognition, Haystack",0.597,0.5576,1.0,1.0,0.5,0.1667,0.5,1.0,0.92
CAND_0088878,Om Hegde,Senior Software Engineer (ML),Paytm,Fintech,4.4,Senior Software Engineer (ML) | Building ML-powered solutions,"Data scientist / ML engineer with 4.4 years of experience in applied machine learning. Worked across predictive modeling, NLP, analytics, and lightweight deployment workflows. I've spent the last couple of years building NLP-based classification and information extraction pipelines. I'm strongest at the modeling and analysis side; comfortable with Python, scikit-learn, pandas, and standard MLOps tooling, but I'm still building depth on the engineering and infra side of production ML. I want to grow into senior AI engineering — get serious about LLMs and retrieval beyond the surface level.","Statistical Modeling, MLOps, Embeddings, TensorFlow, Hugging Face Transformers, Milvus, Go, CNN, Fine-tuning LLMs, Recommendation Systems",0.5957,0.5604,1.0,0.7,0.5,0.1667,0.5,1.0,0.46
CAND_0040178,Anika Bhatia,ML Engineer,Meesho,E-commerce,5.0,ML Engineer | Data Science & ML enthusiast,"Data scientist / ML engineer with 5.0 years of experience in applied machine learning. Worked across predictive modeling, NLP, analytics, and lightweight deployment workflows. I've spent the last couple of years building NLP-based classification and information extraction pipelines. I'm strongest at the modeling and analysis side; comfortable with Python, scikit-learn, pandas, and standard MLOps tooling, but I'm still building depth on the engineering and infra side of production ML. I'm looking to grow into a deeper AI/ML system-building role — closer to retrieval, LLMs, and modern ranking systems.","Weaviate, Fine-tuning LLMs, TTS, Vector Search, Learning to Rank, Weights & Biases, YOLO, MLflow, Prompt Engineering, CSS",0.5943,0.4988,1.0,1.0,0.375,0.1667,0.5,1.0,0.92
CAND_0033179,Yash Subramanian,AI Research Engineer,Wipro,IT Services,6.9,AI Research Engineer | 6.9 yrs in analytics & ML,"Data scientist / ML engineer with 6.9 years of experience in applied machine learning. Worked across predictive modeling, NLP, analytics, and lightweight deployment workflows. I've been working on recommendation-style features but lighter on the deep-learning side — mostly classical methods like collaborative filtering and gradient-boosted models. I'm strongest at the modeling and analysis side; comfortable with Python, scikit-learn, pandas, and standard MLOps tooling, but I'm still building depth on the engineering and infra side of production ML. I'm looking to grow into a deeper AI/ML system-building role — closer to retrieval, LLMs, and modern ranking systems.","FastAPI, Weights & Biases, Hugging Face Transformers, OpenSearch, Diffusion Models, Speech Recognition, PyTorch, MLOps, PowerPoint, scikit-learn",0.5933,0.4432,1.0,1.0,0.5,0.1667,0.5,0.5,1.0
CAND_0066376,Amit Goyal,Applied ML Engineer,Dream11,Gaming,5.7,"Applied ML Engineer | Search, Ranking & Retrieval","Machine learning engineer with 5.7 years of experience building ML-powered features in production. Strong background in NLP, recommendation systems, and applied AI; comfortable across the ML stack from feature engineering through deployment. Recently, my main project for the last 18 months has been the recommendation system that powers our discovery feed. I care a lot about evaluation rigor — too many teams ship models without offline benchmarks they trust. My academic background is in CS/ML but my main learning has come from shipping real systems and seeing what holds up under production load. Open to senior IC roles in applied ML or AI engineering, ideally at product companies where I'd own a meaningful piece of the ML stack.","Recommendation Systems, LoRA, Learning to Rank, LLMs, Fine-tuning LLMs, Deep Learning, NLP, Reinforcement Learning, Information Retrieval, Object Detection",0.593,0.3065,1.0,1.0,0.875,0.3333,0.25,1.0,0.76
CAND_0067866,Kiara Sethi,Senior Software Engineer (ML),Tech Mahindra,IT Services,6.4,Senior Software Engineer (ML) | 6.4 yrs in analytics & ML,"Data scientist / ML engineer with 6.4 years of experience in applied machine learning. Worked across predictive modeling, NLP, analytics, and lightweight deployment workflows. Most of my recent work has been on predictive modeling for customer-facing problems — churn, conversion, lifetime value. I'm strongest at the modeling and analysis side; comfortable with Python, scikit-learn, pandas, and standard MLOps tooling, but I'm still building depth on the engineering and infra side of production ML. I want to grow into senior AI engineering — get serious about LLMs and retrieval beyond the surface level.","Embeddings, Illustrator, pgvector, Elasticsearch, LoRA, BentoML, OpenCV, PEFT, Weights & Biases, MLflow",0.5917,0.534,1.0,1.0,0.375,0.1667,0.5,1.0,0.92
CAND_0075249,Ishaan Arora,Applied ML Engineer,Zomato,Food Delivery,6.2,"Applied ML Engineer | Search, Ranking & Retrieval","Machine learning engineer with 6.2 years of experience building ML-powered features in production. Strong background in NLP, recommendation systems, and applied AI; comfortable across the ML stack from feature engineering through deployment. Recently, I led the team that migrated our keyword-search-based product to embedding-based retrieval. I've spent enough time debugging production ranking issues to know which signals matter and which are noise. My academic background is in CS/ML but my main learning has come from shipping real systems and seeing what holds up under production load. Open to senior IC roles in applied ML or AI engineering, ideally at product companies where I'd own a meaningful piece of the ML stack.","Sentence Transformers, Milvus, Machine Learning, Fine-tuning LLMs, MLflow, Hadoop, BM25, Pinecone, Haystack, Time Series",0.5914,0.3398,1.0,1.0,0.875,0.3333,0.25,1.0,0.92
CAND_0074735,Ananya Arora,Applied ML Engineer,Rephrase.ai,AI/ML,5.5,"Applied ML Engineer | ML, NLP, Recommendation Systems","Machine learning engineer with 5.5 years of experience building ML-powered features in production. Strong background in NLP, recommendation systems, and applied AI; comfortable across the ML stack from feature engineering through deployment. Recently, my main project for the last 18 months has been the recommendation system that powers our discovery feed. I've spent enough time debugging production ranking issues to know which signals matter and which are noise. My academic background is in CS/ML but my main learning has come from shipping real systems and seeing what holds up under production load. Open to senior IC roles in applied ML or AI engineering, ideally at product companies where I'd own a meaningful piece of the ML stack.","YOLO, RAG, Prompt Engineering, LlamaIndex, Machine Learning, Weaviate, GANs, ASR, Information Retrieval, BentoML",0.5895,0.4724,1.0,1.0,0.375,0.3333,0.5,1.0,0.76
CAND_0055992,Deepak Bansal,AI Engineer,CRED,Fintech,16.9,"AI Engineer | Search, Ranking & Retrieval","Machine learning engineer with 6.8 years of experience building ML-powered features in production. Strong background in NLP, recommendation systems, and applied AI; comfortable across the ML stack from feature engineering through deployment. Recently, I led the team that migrated our keyword-search-based product to embedding-based retrieval. I care a lot about evaluation rigor — too many teams ship models without offline benchmarks they trust. My academic background is in CS/ML but my main learning has come from shipping real systems and seeing what holds up under production load. Open to senior IC roles in applied ML or AI engineering, ideally at product companies where I'd own a meaningful piece of the ML stack.","Information Retrieval, MLflow, FAISS, RAG, Feature Engineering, Data Science, LangChain, SQL, OpenSearch, Embeddings",0.5889,0.3725,1.0,0.3,0.875,0.6667,0.25,1.0,0.92
CAND_0068351,Aadhya Iyer,Lead AI Engineer,Sarvam AI,AI/ML,6.4,Senior Engineer | Search & Discovery Infrastructure,"Senior engineer who has spent the last several years building systems that connect users with relevant information at scale. Comfortable across the full stack from infrastructure to algorithms to product experience, though most of my time has been in the middle layer — the ranking and retrieval systems that decide what to show. Strong preference for shipping real systems over research-only work; I'd rather have a working v1 in 6 weeks than a perfect v2 in 6 months. I've made the standard mistakes — over-engineering early, optimizing offline metrics that didn't move online numbers, building beautiful infrastructure for features that users didn't actually want — so I notice them faster now. Looking for senior IC or tech-lead roles where I can own the intelligence layer end-to-end at a product company.","pgvector, Deep Learning, Qdrant, Elasticsearch, Feature Engineering, Text Encoders, PEFT, Spring Boot, Python, Redis",0.5888,0.5465,1.0,1.0,0.375,0.0,0.5,1.0,0.7
CAND_0083307,Neha Patel,Search Engineer,CRED,Fintech,7.8,"Search Engineer | Search, Ranking & Retrieval","Machine learning engineer with 7.8 years of experience building ML-powered features in production. Strong background in NLP, recommendation systems, and applied AI; comfortable across the ML stack from feature engineering through deployment. Recently, I shipped our first RAG-based feature this year and now own the eval framework for it. Along the way I've gotten comfortable with the operational side — A/B testing, drift monitoring, retraining schedules. My academic background is in CS/ML but my main learning has come from shipping real systems and seeing what holds up under production load. Open to senior IC roles in applied ML or AI engineering, ideally at product companies where I'd own a meaningful piece of the ML stack.","OpenCV, scikit-learn, Embeddings, Image Classification, Weights & Biases, QLoRA, PEFT, Pinecone, GCP, Weaviate",0.5885,0.4435,0.7,1.0,0.75,0.6667,0.25,1.0,0.76
CAND_0013393,Sneha Bansal,ML Engineer,Freshworks,SaaS,5.3,ML Engineer | 5.3 yrs in analytics & ML,"Data scientist / ML engineer with 5.3 years of experience in applied machine learning. Worked across predictive modeling, NLP, analytics, and lightweight deployment workflows. I've been working on recommendation-style features but lighter on the deep-learning side — mostly classical methods like collaborative filtering and gradient-boosted models. I'm strongest at the modeling and analysis side; comfortable with Python, scikit-learn, pandas, and standard MLOps tooling, but I'm still building depth on the engineering and infra side of production ML. I'm looking to grow into a deeper AI/ML system-building role — closer to retrieval, LLMs, and modern ranking systems.","Excel, Embeddings, MLflow, Pinecone, Qdrant, Data Science, BentoML, PyTorch, Terraform, OpenSearch",0.5879,0.4984,1.0,1.0,0.5,0.1667,0.5,1.0,0.92
CAND_0004402,Priya Malhotra,AI Research Engineer,Yellow.ai,AI/ML,6.0,AI Research Engineer | 6.0 yrs in analytics & ML,"Data scientist / ML engineer with 6.0 years of experience in applied machine learning. Worked across predictive modeling, NLP, analytics, and lightweight deployment workflows. My current role is split between dashboarding/analytics and shipping production ML models. I'm strongest at the modeling and analysis side; comfortable with Python, scikit-learn, pandas, and standard MLOps tooling, but I'm still building depth on the engineering and infra side of production ML. I want to grow into senior AI engineering — get serious about LLMs and retrieval beyond the surface level.","TypeScript, TTS, OpenSearch, Speech Recognition, Object Detection, Kubeflow, PEFT, PyTorch, BentoML, REST APIs",0.587,0.4505,1.0,1.0,0.5,0.1667,0.5,1.0,0.92
CAND_0049538,Sanjay Bose,Applied ML Engineer,Saarthi.ai,Voice AI,5.8,"Applied ML Engineer | Search, Ranking & Retrieval","Machine learning engineer with 5.8 years of experience building ML-powered features in production. Strong background in NLP, recommendation systems, and applied AI; comfortable across the ML stack from feature engineering through deployment. Recently, I led the team that migrated our keyword-search-based product to embedding-based retrieval. I've spent enough time debugging production ranking issues to know which signals matter and which are noise. My academic background is in CS/ML but my main learning has come from shipping real systems and seeing what holds up under production load. Open to senior IC roles in applied ML or AI engineering, ideally at product companies where I'd own a meaningful piece of the ML stack.","LlamaIndex, Feature Engineering, MLflow, Computer Vision, TTS, Learning to Rank, OpenSearch, Vector Search, Milvus, QLoRA",0.5848,0.5325,1.0,1.0,0.375,0.0,0.5,1.0,0.7
CAND_0014683,Ritu Tiwari,Senior Software Engineer (ML),Rephrase.ai,AI/ML,5.6,Senior Software Engineer (ML) | Data Science & ML enthusiast,"Data scientist / ML engineer with 5.6 years of experience in applied machine learning. Worked across predictive modeling, NLP, analytics, and lightweight deployment workflows. I've spent the last couple of years building NLP-based classification and information extraction pipelines. I'm strongest at the modeling and analysis side; comfortable with Python, scikit-learn, pandas, and standard MLOps tooling, but I'm still building depth on the engineering and infra side of production ML. I want to grow into senior AI engineering — get serious about LLMs and retrieval beyond the surface level.","Feature Engineering, Content Writing, QLoRA, Deep Learning, ASR, Object Detection, BentoML, Weights & Biases, FAISS, MLflow",0.5844,0.4914,1.0,1.0,0.5,0.1667,0.5,1.0,0.76
CAND_0060315,Naina Sharma,Senior Software Engineer (ML),Glance,AI/ML,5.4,Senior Software Engineer (ML) | Building ML-powered solutions,"Data scientist / ML engineer with 5.4 years of experience in applied machine learning. Worked across predictive modeling, NLP, analytics, and lightweight deployment workflows. My current role is split between dashboarding/analytics and shipping production ML models. I'm strongest at the modeling and analysis side; comfortable with Python, scikit-learn, pandas, and standard MLOps tooling, but I'm still building depth on the engineering and infra side of production ML. I'm looking to grow into a deeper AI/ML system-building role — closer to retrieval, LLMs, and modern ranking systems.","Computer Vision, Milvus, Reinforcement Learning, Hugging Face Transformers, Fine-tuning LLMs, Weights & Biases, Kubeflow, MLflow, BM25, Image Classification",0.5842,0.4463,1.0,1.0,0.5,0.1667,0.5,1.0,0.76
CAND_0022852,Aryan Dalal,AI Research Engineer,Zomato,Food Delivery,5.4,AI Research Engineer | Data Science & ML enthusiast,"Data scientist / ML engineer with 5.4 years of experience in applied machine learning. Worked across predictive modeling, NLP, analytics, and lightweight deployment workflows. Most of my recent work has been on predictive modeling for customer-facing problems — churn, conversion, lifetime value. I'm strongest at the modeling and analysis side; comfortable with Python, scikit-learn, pandas, and standard MLOps tooling, but I'm still building depth on the engineering and infra side of production ML. I want to grow into senior AI engineering — get serious about LLMs and retrieval beyond the surface level.","TensorFlow, Pinecone, Python, Diffusion Models, Haystack, Kubernetes, Prompt Engineering, QLoRA, Docker, OpenCV",0.5823,0.5215,1.0,1.0,0.5,0.1667,0.5,1.0,0.46
CAND_0008049,Nikhil Subramanian,ML Engineer,Niramai,HealthTech AI,6.3,ML Engineer | 6.3 yrs in analytics & ML,"Data scientist / ML engineer with 6.3 years of experience in applied machine learning. Worked across predictive modeling, NLP, analytics, and lightweight deployment workflows. I've spent the last couple of years building NLP-based classification and information extraction pipelines. I'm strongest at the modeling and analysis side; comfortable with Python, scikit-learn, pandas, and standard MLOps tooling, but I'm still building depth on the engineering and infra side of production ML. Looking for a role where I can step up to more end-to-end ownership of ML systems, not just modeling.","Reinforcement Learning, Image Classification, Object Detection, Sentence Transformers, MongoDB, Prompt Engineering, YOLO, Haystack, RAG, Time Series",0.5818,0.4545,1.0,1.0,0.5,0.3333,0.5,1.0,0.62
CAND_0097896,Sanjay Joshi,AI Research Engineer,upGrad,EdTech,4.8,AI Research Engineer | Data Science & ML enthusiast,"Data scientist / ML engineer with 4.8 years of experience in applied machine learning. Worked across predictive modeling, NLP, analytics, and lightweight deployment workflows. Most of my recent work has been on predictive modeling for customer-facing problems — churn, conversion, lifetime value. I'm strongest at the modeling and analysis side; comfortable with Python, scikit-learn, pandas, and standard MLOps tooling, but I'm still building depth on the engineering and infra side of production ML. I want to grow into senior AI engineering — get serious about LLMs and retrieval beyond the surface level.","YOLO, Information Retrieval, Tally, Milvus, Statistical Modeling, Fine-tuning LLMs, Weights & Biases, Hugging Face Transformers, HTML, Feature Engineering",0.5814,0.4647,1.0,0.7,0.5,0.1667,0.5,1.0,0.46
CAND_0018925,Sneha Rao,AI Research Engineer,Rephrase.ai,AI/ML,5.8,AI Research Engineer | Building ML-powered solutions,"Data scientist / ML engineer with 5.8 years of experience in applied machine learning. Worked across predictive modeling, NLP, analytics, and lightweight deployment workflows. My current role is split between dashboarding/analytics and shipping production ML models. I'm strongest at the modeling and analysis side; comfortable with Python, scikit-learn, pandas, and standard MLOps tooling, but I'm still building depth on the engineering and infra side of production ML. I'm looking to grow into a deeper AI/ML system-building role — closer to retrieval, LLMs, and modern ranking systems.","TTS, Image Classification, Sentence Transformers, Deep Learning, Haystack, Flask, BentoML, Speech Recognition, Angular, MLOps",0.5808,0.5054,1.0,1.0,0.5,0.1667,0.5,1.0,0.76
CAND_0030550,Om Mittal,AI Research Engineer,Rephrase.ai,AI/ML,5.2,AI Research Engineer | 5.2 yrs in analytics & ML,"Data scientist / ML engineer with 5.2 years of experience in applied machine learning. Worked across predictive modeling, NLP, analytics, and lightweight deployment workflows. Most of my recent work has been on predictive modeling for customer-facing problems — churn, conversion, lifetime value. I'm strongest at the modeling and analysis side; comfortable with Python, scikit-learn, pandas, and standard MLOps tooling, but I'm still building depth on the engineering and infra side of production ML. Looking for a role where I can step up to more end-to-end ownership of ML systems, not just modeling.","Pinecone, Time Series, Machine Learning, GANs, GraphQL, scikit-learn, Weights & Biases, LLMs, YOLO, Semantic Search",0.5805,0.4777,1.0,1.0,0.5,0.1667,0.5,1.0,0.76
CAND_0030031,Anil Joshi,AI Engineer,Microsoft,Software,5.7,"AI Engineer | ML, NLP, Recommendation Systems","Machine learning engineer with 5.7 years of experience building ML-powered features in production. Strong background in NLP, recommendation systems, and applied AI; comfortable across the ML stack from feature engineering through deployment. Recently, I shipped our first RAG-based feature this year and now own the eval framework for it. I've spent enough time debugging production ranking issues to know which signals matter and which are noise. My academic background is in CS/ML but my main learning has come from shipping real systems and seeing what holds up under production load. Open to senior IC roles in applied ML or AI engineering, ideally at product companies where I'd own a meaningful piece of the ML stack.","Information Retrieval, PyTorch, Object Detection, Python, NLP, RAG, OpenCV, LoRA, QLoRA, BM25",0.5802,0.4267,1.0,1.0,0.625,0.0,0.5,1.0,0.7
CAND_0060054,Aisha Kapoor,AI Engineer,Mad Street Den,AI/ML,6.4,"AI Engineer | ML, NLP, Recommendation Systems","Machine learning engineer with 6.4 years of experience building ML-powered features in production. Strong background in NLP, recommendation systems, and applied AI; comfortable across the ML stack from feature engineering through deployment. Recently, my main project for the last 18 months has been the recommendation system that powers our discovery feed. I care a lot about evaluation rigor — too many teams ship models without offline benchmarks they trust. My academic background is in CS/ML but my main learning has come from shipping real systems and seeing what holds up under production load. Open to senior IC roles in applied ML or AI engineering, ideally at product companies where I'd own a meaningful piece of the ML stack.","Diffusion Models, TensorFlow, Weaviate, FAISS, Time Series, Feature Engineering, Prompt Engineering, Elasticsearch, Semantic Search, Recommendation Systems",0.5802,0.3791,1.0,1.0,0.875,0.3333,0.25,1.0,0.7
CAND_0000422,Anil Shah,AI Research Engineer,Haptik,Conversational AI,6.3,AI Research Engineer | Data Science & ML enthusiast,"Data scientist / ML engineer with 6.3 years of experience in applied machine learning. Worked across predictive modeling, NLP, analytics, and lightweight deployment workflows. My current role is split between dashboarding/analytics and shipping production ML models. I'm strongest at the modeling and analysis side; comfortable with Python, scikit-learn, pandas, and standard MLOps tooling, but I'm still building depth on the engineering and infra side of production ML. Looking for a role where I can step up to more end-to-end ownership of ML systems, not just modeling.","MLflow, Python, Photoshop, Milvus, Java, OpenCV, Learning to Rank, OpenSearch, CNN, YOLO",0.5801,0.503,1.0,1.0,0.5,0.1667,0.5,1.0,0.76
CAND_0016163,Suresh Shah,Applied ML Engineer,Dream11,Gaming,6.7,Applied ML Engineer | Applied ML | Building intelligent products,"Machine learning engineer with 6.7 years of experience building ML-powered features in production. Strong background in NLP, recommendation systems, and applied AI; comfortable across the ML stack from feature engineering through deployment. Recently, I led the team that migrated our keyword-search-based product to embedding-based retrieval. I've spent enough time debugging production ranking issues to know which signals matter and which are noise. My academic background is in CS/ML but my main learning has come from shipping real systems and seeing what holds up under production load. Open to senior IC roles in applied ML or AI engineering, ideally at product companies where I'd own a meaningful piece of the ML stack.","Hugging Face Transformers, Computer Vision, gRPC, Time Series, Weaviate, CNN, Deep Learning, TensorFlow, ASR, Embeddings",0.58,0.4386,1.0,1.0,0.375,0.3333,0.5,1.0,0.76
CAND_0016170,Aditya Reddy,AI Research Engineer,Dream11,Gaming,6.8,AI Research Engineer | Data Science & ML enthusiast,"Data scientist / ML engineer with 6.8 years of experience in applied machine learning. Worked across predictive modeling, NLP, analytics, and lightweight deployment workflows. I've spent the last couple of years building NLP-based classification and information extraction pipelines. I'm strongest at the modeling and analysis side; comfortable with Python, scikit-learn, pandas, and standard MLOps tooling, but I'm still building depth on the engineering and infra side of production ML. I want to grow into senior AI engineering — get serious about LLMs and retrieval beyond the surface level.","Sentence Transformers, Reinforcement Learning, Time Series, PostgreSQL, Embeddings, Kubeflow, Kafka, LangChain, Prompt Engineering, RAG",0.5799,0.4935,1.0,1.0,0.5,0.1667,0.5,0.5,0.76
CAND_0067643,Suresh Patel,AI Research Engineer,PhonePe,Fintech,6.0,AI Research Engineer | Data Science & ML enthusiast,"Data scientist / ML engineer with 6.0 years of experience in applied machine learning. Worked across predictive modeling, NLP, analytics, and lightweight deployment workflows. My current role is split between dashboarding/analytics and shipping production ML models. I'm strongest at the modeling and analysis side; comfortable with Python, scikit-learn, pandas, and standard MLOps tooling, but I'm still building depth on the engineering and infra side of production ML. I'm looking to grow into a deeper AI/ML system-building role — closer to retrieval, LLMs, and modern ranking systems.","Elasticsearch, Object Detection, Fine-tuning LLMs, Apache Beam, Scrum, OpenCV, Learning to Rank, Salesforce CRM, Qdrant, NLP",0.5791,0.4331,1.0,1.0,0.5,0.1667,0.5,1.0,0.62
CAND_0088049,Aryan Hegde,Junior ML Engineer,Freshworks,SaaS,5.9,Junior ML Engineer | 5.9 yrs in analytics & ML,"Data scientist / ML engineer with 5.9 years of experience in applied machine learning. Worked across predictive modeling, NLP, analytics, and lightweight deployment workflows. My current role is split between dashboarding/analytics and shipping production ML models. I'm strongest at the modeling and analysis side; comfortable with Python, scikit-learn, pandas, and standard MLOps tooling, but I'm still building depth on the engineering and infra side of production ML. Looking for a role where I can step up to more end-to-end ownership of ML systems, not just modeling.","Data Science, Statistical Modeling, Haystack, Terraform, Embeddings, Kafka, OpenSearch, SEO, Content Writing, Object Detection",0.5785,0.4532,1.0,1.0,0.375,0.1667,0.5,1.0,0.62
CAND_0049771,Manish Agarwal,AI Research Engineer,Wysa,HealthTech AI,5.0,AI Research Engineer | Data Science & ML enthusiast,"Data scientist / ML engineer with 5.0 years of experience in applied machine learning. Worked across predictive modeling, NLP, analytics, and lightweight deployment workflows. My current role is split between dashboarding/analytics and shipping production ML models. I'm strongest at the modeling and analysis side; comfortable with Python, scikit-learn, pandas, and standard MLOps tooling, but I'm still building depth on the engineering and infra side of production ML. I'm looking to grow into a deeper AI/ML system-building role — closer to retrieval, LLMs, and modern ranking systems.","Python, OpenCV, PyTorch, Sales, pgvector, ASR, MLOps, Reinforcement Learning, TTS, Image Classification",0.5782,0.4742,1.0,1.0,0.5,0.1667,0.5,1.0,0.62
CAND_0046064,Saanvi Naidu,Senior NLP Engineer,Salesforce,Software,8.9,"Senior NLP Engineer | LLMs, RAG, Vector Search | ex-Top Tech","Senior AI engineer with 8.9 years of hands-on experience building production ML systems, with a focus on search, retrieval, and ranking. Most recently, I rebuilt the candidate-JD matching pipeline from scratch, taking it from 0.72 to 0.91 NDCG@10, operating at single-digit-millisecond p95 retrieval latency. My day-to-day work spans embedding model selection and fine-tuning, hybrid retrieval architecture, learning-to-rank, behavioral-signal integration, and the offline/online evaluation that ties it all together. I've shipped systems in both early-stage product companies and at larger scale, and I've spent enough time on both that I know which tradeoffs apply where. I believe most ranking problems are solved by careful feature engineering and rigorous eval, not by bigger models. Currently exploring my next move — looking for senior IC or tech-lead roles where I can own the intelligence layer end-to-end.","Python, Image Classification, OpenCV, Pinecone, Haystack, Six Sigma, TTS, Diffusion Models, BM25, YOLO",0.5776,0.3948,0.1,1.0,0.875,0.8333,0.75,1.0,1.0
CAND_0054123,Tanvi Banerjee,Applied ML Engineer,Meta,Internet,4.7,"Applied ML Engineer | Search, Ranking & Retrieval","Machine learning engineer with 4.7 years of experience building ML-powered features in production. Strong background in NLP, recommendation systems, and applied AI; comfortable across the ML stack from feature engineering through deployment. Recently, I've been the de-facto ML lead on a small team, shipping models across NLP and recsys. Along the way I've gotten comfortable with the operational side — A/B testing, drift monitoring, retraining schedules. My academic background is in CS/ML but my main learning has come from shipping real systems and seeing what holds up under production load. Open to senior IC roles in applied ML or AI engineering, ideally at product companies where I'd own a meaningful piece of the ML stack.","LangChain, pgvector, Python, Weaviate, Qdrant, SEO, Vector Search, Hugging Face Transformers, Weights & Biases, Tailwind",0.5759,0.3576,1.0,0.7,0.875,0.3333,0.25,1.0,0.62
CAND_0088025,Amit Arora,Staff Machine Learning Engineer,Yellow.ai,AI/ML,8.6,Staff Machine Learning Engineer | Building AI-native search & ranking systems,"Senior AI engineer with 8.6 years of hands-on experience building production ML systems, with a focus on search, retrieval, and ranking. Most recently, I designed the company's first hybrid retrieval system combining BM25 with dense vector recall, serving 50M+ queries per month. My day-to-day work spans embedding model selection and fine-tuning, hybrid retrieval architecture, learning-to-rank, behavioral-signal integration, and the offline/online evaluation that ties it all together. I've shipped systems in both early-stage product companies and at larger scale, and I've spent enough time on both that I know which tradeoffs apply where. I'm comfortable across the stack from infra to algorithms, but my heart is in retrieval and ranking. Currently exploring my next move — looking for senior IC or tech-lead roles where I can own the intelligence layer end-to-end.","Pinecone, QLoRA, LLMs, Hugging Face Transformers, RAG, SAP, TensorFlow, LoRA, Flask, Prompt Engineering",0.5759,0.4239,1.0,1.0,0.625,0.3333,0.25,1.0,0.76
CAND_0028793,Myra Dutta,Search Engineer,Google,Internet,7.2,"Search Engineer | ML, NLP, Recommendation Systems","Machine learning engineer with 7.2 years of experience building ML-powered features in production. Strong background in NLP, recommendation systems, and applied AI; comfortable across the ML stack from feature engineering through deployment. Recently, I shipped our first RAG-based feature this year and now own the eval framework for it. I care a lot about evaluation rigor — too many teams ship models without offline benchmarks they trust. My academic background is in CS/ML but my main learning has come from shipping real systems and seeing what holds up under production load. Open to senior IC roles in applied ML or AI engineering, ideally at product companies where I'd own a meaningful piece of the ML stack.","SAP, Kubeflow, Embeddings, Haystack, YOLO, LoRA, PowerPoint, Learning to Rank, Information Retrieval, PEFT",0.5758,0.3538,0.7,1.0,0.75,0.6667,0.25,1.0,0.76
CAND_0030953,Dhruv Hegde,Search Engineer,Nykaa,E-commerce,7.8,"Search Engineer | ML, NLP, Recommendation Systems","Machine learning engineer with 7.8 years of experience building ML-powered features in production. Strong background in NLP, recommendation systems, and applied AI; comfortable across the ML stack from feature engineering through deployment. Recently, I led the team that migrated our keyword-search-based product to embedding-based retrieval. Along the way I've gotten comfortable with the operational side — A/B testing, drift monitoring, retraining schedules. My academic background is in CS/ML but my main learning has come from shipping real systems and seeing what holds up under production load. Open to senior IC roles in applied ML or AI engineering, ideally at product companies where I'd own a meaningful piece of the ML stack.","TTS, MLOps, Learning to Rank, Databricks, Time Series, ASR, Qdrant, Reinforcement Learning, Python, Hugging Face Transformers",0.5743,0.3757,0.7,1.0,0.875,0.6667,0.25,1.0,0.62
CAND_0092706,Karan Kumar,AI Research Engineer,Unacademy,EdTech,5.8,AI Research Engineer | Building ML-powered solutions,"Data scientist / ML engineer with 5.8 years of experience in applied machine learning. Worked across predictive modeling, NLP, analytics, and lightweight deployment workflows. I've been working on recommendation-style features but lighter on the deep-learning side — mostly classical methods like collaborative filtering and gradient-boosted models. I'm strongest at the modeling and analysis side; comfortable with Python, scikit-learn, pandas, and standard MLOps tooling, but I'm still building depth on the engineering and infra side of production ML. I'm looking to grow into a deeper AI/ML system-building role — closer to retrieval, LLMs, and modern ranking systems.","Weights & Biases, Speech Recognition, Data Science, Agile, Sentence Transformers, OpenCV, MLOps, Forecasting, Fine-tuning LLMs, Hadoop",0.5743,0.5596,1.0,1.0,0.5,0.0,0.25,1.0,0.76
CAND_0097176,Advik Mehta,ML Engineer,TCS,IT Services,5.9,ML Engineer | 5.9 yrs in analytics & ML,"Data scientist / ML engineer with 5.9 years of experience in applied machine learning. Worked across predictive modeling, NLP, analytics, and lightweight deployment workflows. Most of my recent work has been on predictive modeling for customer-facing problems — churn, conversion, lifetime value. I'm strongest at the modeling and analysis side; comfortable with Python, scikit-learn, pandas, and standard MLOps tooling, but I'm still building depth on the engineering and infra side of production ML. I'm looking to grow into a deeper AI/ML system-building role — closer to retrieval, LLMs, and modern ranking systems.","Angular, FAISS, Speech Recognition, LlamaIndex, GANs, Sales, CNN, GraphQL, PyTorch, LangChain",0.5737,0.4895,1.0,1.0,0.5,0.1667,0.5,0.5,1.0
CAND_0093547,Arnav Ghosh,Senior Machine Learning Engineer,PhonePe,Fintech,2.9,Senior Machine Learning Engineer | Building AI-native search & ranking systems,"Senior AI engineer with 6.3 years of hands-on experience building production ML systems, with a focus on search, retrieval, and ranking. Most recently, I rebuilt the candidate-JD matching pipeline from scratch, taking it from 0.72 to 0.91 NDCG@10, handling peak QPS of 8K with sub-200ms p95. My day-to-day work spans embedding model selection and fine-tuning, hybrid retrieval architecture, learning-to-rank, behavioral-signal integration, and the offline/online evaluation that ties it all together. I've shipped systems in both early-stage product companies and at larger scale, and I've spent enough time on both that I know which tradeoffs apply where. I believe most ranking problems are solved by careful feature engineering and rigorous eval, not by bigger models. Currently exploring my next move — looking for senior IC or tech-lead roles where I can own the intelligence layer end-to-end.","LLMs, RAG, Python, QLoRA, Kubeflow, PEFT, GANs, Machine Learning, Diffusion Models, PyTorch",0.5728,0.4,1.0,0.3,0.625,0.3333,0.75,1.0,0.62
CAND_0002037,Krishna Mittal,ML Engineer,Locobuzz,AI/ML,5.5,ML Engineer | Data Science & ML enthusiast,"Data scientist / ML engineer with 5.5 years of experience in applied machine learning. Worked across predictive modeling, NLP, analytics, and lightweight deployment workflows. I've spent the last couple of years building NLP-based classification and information extraction pipelines. I'm strongest at the modeling and analysis side; comfortable with Python, scikit-learn, pandas, and standard MLOps tooling, but I'm still building depth on the engineering and infra side of production ML. I want to grow into senior AI engineering — get serious about LLMs and retrieval beyond the surface level.","Fine-tuning LLMs, pgvector, CNN, Computer Vision, gRPC, Time Series, MLOps, OpenCV, Milvus, Deep Learning",0.5727,0.4326,1.0,1.0,0.375,0.1667,0.5,1.0,0.62
CAND_0043860,Pranav Sharma,Junior ML Engineer,Aganitha,AI/ML,6.1,Junior ML Engineer | 6.1 yrs in analytics & ML,"Data scientist / ML engineer with 6.1 years of experience in applied machine learning. Worked across predictive modeling, NLP, analytics, and lightweight deployment workflows. I've spent the last couple of years building NLP-based classification and information extraction pipelines. I'm strongest at the modeling and analysis side; comfortable with Python, scikit-learn, pandas, and standard MLOps tooling, but I'm still building depth on the engineering and infra side of production ML. I want to grow into senior AI engineering — get serious about LLMs and retrieval beyond the surface level.","pgvector, Feature Engineering, Object Detection, Semantic Search, Information Retrieval, Redis, OpenCV, Deep Learning, Qdrant, PyTorch",0.5718,0.4602,1.0,1.0,0.375,0.1667,0.5,1.0,1.0
CAND_0012837,Myra Chowdary,Junior ML Engineer,Sarvam AI,AI/ML,6.4,Junior ML Engineer | Data Science & ML enthusiast,"Data scientist / ML engineer with 6.4 years of experience in applied machine learning. Worked across predictive modeling, NLP, analytics, and lightweight deployment workflows. My current role is split between dashboarding/analytics and shipping production ML models. I'm strongest at the modeling and analysis side; comfortable with Python, scikit-learn, pandas, and standard MLOps tooling, but I'm still building depth on the engineering and infra side of production ML. I'm looking to grow into a deeper AI/ML system-building role — closer to retrieval, LLMs, and modern ranking systems.","Forecasting, Vector Search, MLOps, Weaviate, LLMs, Semantic Search, Object Detection, TypeScript, NLP, Speech Recognition",0.5717,0.4629,1.0,1.0,0.375,0.1667,0.5,1.0,0.92
CAND_0092255,Jay Chatterjee,ML Engineer,InMobi,AdTech,5.2,ML Engineer | Data Science & ML enthusiast,"Data scientist / ML engineer with 5.2 years of experience in applied machine learning. Worked across predictive modeling, NLP, analytics, and lightweight deployment workflows. I've spent the last couple of years building NLP-based classification and information extraction pipelines. I'm strongest at the modeling and analysis side; comfortable with Python, scikit-learn, pandas, and standard MLOps tooling, but I'm still building depth on the engineering and infra side of production ML. I'm looking to grow into a deeper AI/ML system-building role — closer to retrieval, LLMs, and modern ranking systems.","Machine Learning, PyTorch, Statistical Modeling, Figma, Weaviate, Semantic Search, CNN, Data Science, OpenSearch, RAG",0.5717,0.5074,1.0,1.0,0.375,0.1667,0.5,1.0,0.92
CAND_0025640,Anjali Kapoor,AI Research Engineer,HCL,IT Services,5.6,AI Research Engineer | Data Science & ML enthusiast,"Data scientist / ML engineer with 5.6 years of experience in applied machine learning. Worked across predictive modeling, NLP, analytics, and lightweight deployment workflows. I've spent the last couple of years building NLP-based classification and information extraction pipelines. I'm strongest at the modeling and analysis side; comfortable with Python, scikit-learn, pandas, and standard MLOps tooling, but I'm still building depth on the engineering and infra side of production ML. Looking for a role where I can step up to more end-to-end ownership of ML systems, not just modeling.","Semantic Search, PEFT, Information Retrieval, Weights & Biases, FAISS, Flask, Next.js, PyTorch, OpenSearch, OpenCV",0.5714,0.4365,1.0,1.0,0.5,0.1667,0.5,1.0,1.0
CAND_0005260,Mira Ghosh,Senior NLP Engineer,Netflix,Media,5.2,"Senior NLP Engineer | LLMs, RAG, Vector Search | ex-Top Tech","Senior AI engineer with 5.2 years of hands-on experience building production ML systems, with a focus on search, retrieval, and ranking. Most recently, I drove the platform's RAG strategy from prototype to production, including the eval framework, operating at single-digit-millisecond p95 retrieval latency. My day-to-day work spans embedding model selection and fine-tuning, hybrid retrieval architecture, learning-to-rank, behavioral-signal integration, and the offline/online evaluation that ties it all together. I've shipped systems in both early-stage product companies and at larger scale, and I've spent enough time on both that I know which tradeoffs apply where. I believe most ranking problems are solved by careful feature engineering and rigorous eval, not by bigger models. Currently exploring my next move — looking for senior IC or tech-lead roles where I can own the intelligence layer end-to-end.","Statistical Modeling, MLOps, Snowflake, Prompt Engineering, Information Retrieval, Speech Recognition, Semantic Search, Deep Learning, Python, NLP",0.5712,0.3958,0.1,1.0,0.75,0.6667,0.75,1.0,0.62
CAND_0056262,Ayaan Tiwari,Junior ML Engineer,Swiggy,Food Delivery,6.0,Junior ML Engineer | Data Science & ML enthusiast,"Data scientist / ML engineer with 6.0 years of experience in applied machine learning. Worked across predictive modeling, NLP, analytics, and lightweight deployment workflows. My current role is split between dashboarding/analytics and shipping production ML models. I'm strongest at the modeling and analysis side; comfortable with Python, scikit-learn, pandas, and standard MLOps tooling, but I'm still building depth on the engineering and infra side of production ML. I want to grow into senior AI engineering — get serious about LLMs and retrieval beyond the surface level.","Fine-tuning LLMs, Semantic Search, QLoRA, scikit-learn, Embeddings, BM25, Machine Learning, Object Detection, Kubernetes, Data Science",0.5707,0.4488,1.0,1.0,0.375,0.1667,0.5,0.5,0.46
CAND_0039308,Karan Bose,AI Research Engineer,BYJU'S,EdTech,5.6,AI Research Engineer | 5.6 yrs in analytics & ML,"Data scientist / ML engineer with 5.6 years of experience in applied machine learning. Worked across predictive modeling, NLP, analytics, and lightweight deployment workflows. My current role is split between dashboarding/analytics and shipping production ML models. I'm strongest at the modeling and analysis side; comfortable with Python, scikit-learn, pandas, and standard MLOps tooling, but I'm still building depth on the engineering and infra side of production ML. I want to grow into senior AI engineering — get serious about LLMs and retrieval beyond the surface level.","SEO, ASR, Time Series, GANs, TTS, Haystack, LangChain, Kafka, Forecasting, Information Retrieval",0.5705,0.4528,1.0,1.0,0.5,0.1667,0.5,1.0,0.46
CAND_0032271,Ananya Pillai,AI Research Engineer,Mad Street Den,AI/ML,6.6,AI Research Engineer | Data Science & ML enthusiast,"Data scientist / ML engineer with 6.6 years of experience in applied machine learning. Worked across predictive modeling, NLP, analytics, and lightweight deployment workflows. I've been working on recommendation-style features but lighter on the deep-learning side — mostly classical methods like collaborative filtering and gradient-boosted models. I'm strongest at the modeling and analysis side; comfortable with Python, scikit-learn, pandas, and standard MLOps tooling, but I'm still building depth on the engineering and infra side of production ML. Looking for a role where I can step up to more end-to-end ownership of ML systems, not just modeling.","LangChain, PEFT, Redux, Image Classification, Kafka, Content Writing, Deep Learning, Forecasting, Speech Recognition, Data Science",0.5704,0.4685,1.0,1.0,0.5,0.1667,0.5,1.0,0.76
CAND_0085851,Arnav Iyengar,ML Engineer,Genpact AI,AI Services,7.0,ML Engineer | 7.0 yrs in analytics & ML,"Data scientist / ML engineer with 7.0 years of experience in applied machine learning. Worked across predictive modeling, NLP, analytics, and lightweight deployment workflows. My current role is split between dashboarding/analytics and shipping production ML models. I'm strongest at the modeling and analysis side; comfortable with Python, scikit-learn, pandas, and standard MLOps tooling, but I'm still building depth on the engineering and infra side of production ML. Looking for a role where I can step up to more end-to-end ownership of ML systems, not just modeling.","BentoML, LangChain, Kubeflow, Speech Recognition, Embeddings, YOLO, Hugging Face Transformers, MLflow, gRPC, Qdrant",0.5702,0.5021,1.0,1.0,0.375,0.1667,0.5,1.0,0.92
CAND_0012798,Jay Malhotra,AI Research Engineer,Vedantu,EdTech,5.1,AI Research Engineer | Data Science & ML enthusiast,"Data scientist / ML engineer with 5.1 years of experience in applied machine learning. Worked across predictive modeling, NLP, analytics, and lightweight deployment workflows. My current role is split between dashboarding/analytics and shipping production ML models. I'm strongest at the modeling and analysis side; comfortable with Python, scikit-learn, pandas, and standard MLOps tooling, but I'm still building depth on the engineering and infra side of production ML. Looking for a role where I can step up to more end-to-end ownership of ML systems, not just modeling.","CNN, RAG, Learning to Rank, Go, TensorFlow, Feature Engineering, Kubeflow, Object Detection, LLMs, LlamaIndex",0.5696,0.4587,1.0,1.0,0.5,0.1667,0.5,0.5,0.7
CAND_0061156,Atharv Verma,Senior Software Engineer (ML),Sarvam AI,AI/ML,6.0,Senior Software Engineer (ML) | Building ML-powered solutions,"Data scientist / ML engineer with 6.0 years of experience in applied machine learning. Worked across predictive modeling, NLP, analytics, and lightweight deployment workflows. I've spent the last couple of years building NLP-based classification and information extraction pipelines. I'm strongest at the modeling and analysis side; comfortable with Python, scikit-learn, pandas, and standard MLOps tooling, but I'm still building depth on the engineering and infra side of production ML. I want to grow into senior AI engineering — get serious about LLMs and retrieval beyond the surface level.","Airflow, OpenSearch, Weaviate, pgvector, LangChain, ASR, scikit-learn, Python, GANs, OpenCV",0.5693,0.4707,1.0,1.0,0.375,0.1667,0.5,1.0,0.46
CAND_0008202,Anjali Patel,Senior Software Engineer (ML),Yellow.ai,AI/ML,5.7,Senior Software Engineer (ML) | Building ML-powered solutions,"Data scientist / ML engineer with 5.7 years of experience in applied machine learning. Worked across predictive modeling, NLP, analytics, and lightweight deployment workflows. I've been working on recommendation-style features but lighter on the deep-learning side — mostly classical methods like collaborative filtering and gradient-boosted models. I'm strongest at the modeling and analysis side; comfortable with Python, scikit-learn, pandas, and standard MLOps tooling, but I'm still building depth on the engineering and infra side of production ML. I want to grow into senior AI engineering — get serious about LLMs and retrieval beyond the surface level.","Haystack, TypeScript, FAISS, Python, Computer Vision, Image Classification, LLMs, PyTorch, Qdrant, RAG",0.569,0.4669,1.0,1.0,0.375,0.3333,0.5,0.5,0.62
CAND_0008517,Amit Chowdary,AI Research Engineer,Locobuzz,AI/ML,5.6,AI Research Engineer | 5.6 yrs in analytics & ML,"Data scientist / ML engineer with 5.6 years of experience in applied machine learning. Worked across predictive modeling, NLP, analytics, and lightweight deployment workflows. My current role is split between dashboarding/analytics and shipping production ML models. I'm strongest at the modeling and analysis side; comfortable with Python, scikit-learn, pandas, and standard MLOps tooling, but I'm still building depth on the engineering and infra side of production ML. I'm looking to grow into a deeper AI/ML system-building role — closer to retrieval, LLMs, and modern ranking systems.","GANs, Feature Engineering, Speech Recognition, LoRA, Recommendation Systems, HTML, Redux, MLOps, Qdrant, Weights & Biases",0.5669,0.4142,1.0,1.0,0.5,0.3333,0.5,0.5,0.76
CAND_0064888,Riya Kumar,ML Engineer,Verloop.io,Conversational AI,5.8,ML Engineer | Building ML-powered solutions,"Data scientist / ML engineer with 5.8 years of experience in applied machine learning. Worked across predictive modeling, NLP, analytics, and lightweight deployment workflows. Most of my recent work has been on predictive modeling for customer-facing problems — churn, conversion, lifetime value. I'm strongest at the modeling and analysis side; comfortable with Python, scikit-learn, pandas, and standard MLOps tooling, but I'm still building depth on the engineering and infra side of production ML. Looking for a role where I can step up to more end-to-end ownership of ML systems, not just modeling.","GraphQL, Embeddings, Learning to Rank, TensorFlow, CNN, Time Series, pgvector, Elasticsearch, Agile, Fine-tuning LLMs",0.5669,0.5051,1.0,1.0,0.125,0.1667,0.5,0.5,1.0
CAND_0046526,Tanya Bose,ML Engineer,Ola,Transportation,5.5,ML Engineer | 5.5 yrs in analytics & ML,"Data scientist / ML engineer with 5.5 years of experience in applied machine learning. Worked across predictive modeling, NLP, analytics, and lightweight deployment workflows. I've spent the last couple of years building NLP-based classification and information extraction pipelines. I'm strongest at the modeling and analysis side; comfortable with Python, scikit-learn, pandas, and standard MLOps tooling, but I'm still building depth on the engineering and infra side of production ML. I want to grow into senior AI engineering — get serious about LLMs and retrieval beyond the surface level.","TensorFlow, Angular, Time Series, FAISS, LlamaIndex, ASR, Weights & Biases, MLflow, Python, Prompt Engineering",0.5665,0.4545,1.0,1.0,0.5,0.1667,0.5,1.0,0.76
CAND_0020877,Anil Rao,Applied ML Engineer,CRED,Fintech,5.1,Applied ML Engineer | Applied ML | Building intelligent products,"Machine learning engineer with 5.1 years of experience building ML-powered features in production. Strong background in NLP, recommendation systems, and applied AI; comfortable across the ML stack from feature engineering through deployment. Recently, I shipped our first RAG-based feature this year and now own the eval framework for it. I care a lot about evaluation rigor — too many teams ship models without offline benchmarks they trust. My academic background is in CS/ML but my main learning has come from shipping real systems and seeing what holds up under production load. Open to senior IC roles in applied ML or AI engineering, ideally at product companies where I'd own a meaningful piece of the ML stack.","QLoRA, Kubeflow, YOLO, Elasticsearch, PyTorch, OpenSearch, Information Retrieval, Forecasting, Statistical Modeling, LlamaIndex",0.5659,0.319,1.0,1.0,0.625,0.6667,0.25,1.0,0.62
CAND_0005269,Nisha Bose,Senior Software Engineer (ML),Sarvam AI,AI/ML,6.1,Senior Software Engineer (ML) | 6.1 yrs in analytics & ML,"Data scientist / ML engineer with 6.1 years of experience in applied machine learning. Worked across predictive modeling, NLP, analytics, and lightweight deployment workflows. I've spent the last couple of years building NLP-based classification and information extraction pipelines. I'm strongest at the modeling and analysis side; comfortable with Python, scikit-learn, pandas, and standard MLOps tooling, but I'm still building depth on the engineering and infra side of production ML. I want to grow into senior AI engineering — get serious about LLMs and retrieval beyond the surface level.","Information Retrieval, Machine Learning, Object Detection, YOLO, Airflow, Hugging Face Transformers, Fine-tuning LLMs, Weights & Biases, Elasticsearch, MLflow",0.5658,0.5308,1.0,1.0,0.125,0.1667,0.5,1.0,0.92
CAND_0015528,Aisha Reddy,Applied ML Engineer,Krutrim,AI/ML,7.4,Applied ML Engineer | Applied ML | Building intelligent products,"Machine learning engineer with 7.4 years of experience building ML-powered features in production. Strong background in NLP, recommendation systems, and applied AI; comfortable across the ML stack from feature engineering through deployment. Recently, I led the team that migrated our keyword-search-based product to embedding-based retrieval. I've spent enough time debugging production ranking issues to know which signals matter and which are noise. My academic background is in CS/ML but my main learning has come from shipping real systems and seeing what holds up under production load. Open to senior IC roles in applied ML or AI engineering, ideally at product companies where I'd own a meaningful piece of the ML stack.","Docker, Weaviate, BentoML, Weights & Biases, LangChain, pgvector, TensorFlow, Feature Engineering, ASR, Information Retrieval",0.5649,0.4388,1.0,1.0,0.5,0.0,0.5,1.0,0.7
CAND_0061479,Tanvi Iyengar,ML Engineer,BYJU'S,EdTech,5.0,ML Engineer | 5.0 yrs in analytics & ML,"Data scientist / ML engineer with 5.0 years of experience in applied machine learning. Worked across predictive modeling, NLP, analytics, and lightweight deployment workflows. I've been working on recommendation-style features but lighter on the deep-learning side — mostly classical methods like collaborative filtering and gradient-boosted models. I'm strongest at the modeling and analysis side; comfortable with Python, scikit-learn, pandas, and standard MLOps tooling, but I'm still building depth on the engineering and infra side of production ML. Looking for a role where I can step up to more end-to-end ownership of ML systems, not just modeling.","Speech Recognition, LlamaIndex, MLOps, BentoML, OpenSearch, PyTorch, GANs, CI/CD, Haystack, LLMs",0.5649,0.4996,1.0,1.0,0.375,0.1667,0.5,1.0,0.46
CAND_0070525,Ved Kumar,Senior Software Engineer (ML),Mad Street Den,AI/ML,5.4,Senior Software Engineer (ML) | Building ML-powered solutions,"Data scientist / ML engineer with 5.4 years of experience in applied machine learning. Worked across predictive modeling, NLP, analytics, and lightweight deployment workflows. I've been working on recommendation-style features but lighter on the deep-learning side — mostly classical methods like collaborative filtering and gradient-boosted models. I'm strongest at the modeling and analysis side; comfortable with Python, scikit-learn, pandas, and standard MLOps tooling, but I'm still building depth on the engineering and infra side of production ML. I want to grow into senior AI engineering — get serious about LLMs and retrieval beyond the surface level.","Apache Beam, Recommendation Systems, Feature Engineering, Python, GANs, Statistical Modeling, Azure, YOLO, Prompt Engineering, LLMs",0.5648,0.4383,1.0,1.0,0.375,0.1667,0.5,1.0,0.92
CAND_0065927,Aarav Arora,Senior Software Engineer (ML),Ola,Transportation,6.5,Senior Software Engineer (ML) | Data Science & ML enthusiast,"Data scientist / ML engineer with 6.5 years of experience in applied machine learning. Worked across predictive modeling, NLP, analytics, and lightweight deployment workflows. My current role is split between dashboarding/analytics and shipping production ML models. I'm strongest at the modeling and analysis side; comfortable with Python, scikit-learn, pandas, and standard MLOps tooling, but I'm still building depth on the engineering and infra side of production ML. Looking for a role where I can step up to more end-to-end ownership of ML systems, not just modeling.","LoRA, Hugging Face Transformers, Computer Vision, QLoRA, pgvector, LLMs, Spark, CNN, Speech Recognition, Learning to Rank",0.5637,0.4449,1.0,1.0,0.375,0.1667,0.5,1.0,0.62
CAND_0058688,Anjali Kapoor,AI Engineer,Vedantu,EdTech,6.7,AI Engineer | Applied ML | Building intelligent products,"Machine learning engineer with 6.7 years of experience building ML-powered features in production. Strong background in NLP, recommendation systems, and applied AI; comfortable across the ML stack from feature engineering through deployment. Recently, my main project for the last 18 months has been the recommendation system that powers our discovery feed. Along the way I've gotten comfortable with the operational side — A/B testing, drift monitoring, retraining schedules. My academic background is in CS/ML but my main learning has come from shipping real systems and seeing what holds up under production load. Open to senior IC roles in applied ML or AI engineering, ideally at product companies where I'd own a meaningful piece of the ML stack.","OpenCV, CNN, scikit-learn, Object Detection, LlamaIndex, Computer Vision, Embeddings, Snowflake, TensorFlow, Diffusion Models",0.5633,0.4226,1.0,1.0,0.5,0.0,0.5,1.0,1.0
CAND_0064331,Saanvi Iyer,Senior Software Engineer (ML),Swiggy,Food Delivery,4.2,Senior Software Engineer (ML) | Data Science & ML enthusiast,"Data scientist / ML engineer with 4.2 years of experience in applied machine learning. Worked across predictive modeling, NLP, analytics, and lightweight deployment workflows. I've been working on recommendation-style features but lighter on the deep-learning side — mostly classical methods like collaborative filtering and gradient-boosted models. I'm strongest at the modeling and analysis side; comfortable with Python, scikit-learn, pandas, and standard MLOps tooling, but I'm still building depth on the engineering and infra side of production ML. I want to grow into senior AI engineering — get serious about LLMs and retrieval beyond the surface level.","LLMs, BentoML, Forecasting, Data Science, TensorFlow, YOLO, Learning to Rank, Image Classification, dbt, Deep Learning",0.5621,0.4319,1.0,0.7,0.5,0.1667,0.5,1.0,0.7
CAND_0069248,Yash Kapoor,AI Research Engineer,Unacademy,EdTech,5.4,AI Research Engineer | Building ML-powered solutions,"Data scientist / ML engineer with 5.4 years of experience in applied machine learning. Worked across predictive modeling, NLP, analytics, and lightweight deployment workflows. I've been working on recommendation-style features but lighter on the deep-learning side — mostly classical methods like collaborative filtering and gradient-boosted models. I'm strongest at the modeling and analysis side; comfortable with Python, scikit-learn, pandas, and standard MLOps tooling, but I'm still building depth on the engineering and infra side of production ML. Looking for a role where I can step up to more end-to-end ownership of ML systems, not just modeling.","OpenCV, Illustrator, Computer Vision, BentoML, TensorFlow, Forecasting, Apache Beam, QLoRA, YOLO, Prompt Engineering",0.5618,0.4375,1.0,1.0,0.5,0.1667,0.5,1.0,0.76
CAND_0018888,Shreya Trivedi,AI Research Engineer,Razorpay,Fintech,6.5,AI Research Engineer | Data Science & ML enthusiast,"Data scientist / ML engineer with 6.5 years of experience in applied machine learning. Worked across predictive modeling, NLP, analytics, and lightweight deployment workflows. I've been working on recommendation-style features but lighter on the deep-learning side — mostly classical methods like collaborative filtering and gradient-boosted models. I'm strongest at the modeling and analysis side; comfortable with Python, scikit-learn, pandas, and standard MLOps tooling, but I'm still building depth on the engineering and infra side of production ML. I want to grow into senior AI engineering — get serious about LLMs and retrieval beyond the surface level.","Diffusion Models, GANs, MLflow, BentoML, Reinforcement Learning, Information Retrieval, Project Management, pgvector, LLMs, FAISS",0.5616,0.5239,1.0,1.0,0.125,0.1667,0.5,1.0,0.7
CAND_0066309,Meera Chopra,Senior Software Engineer (ML),PharmEasy,HealthTech,5.3,Senior Software Engineer (ML) | Data Science & ML enthusiast,"Data scientist / ML engineer with 5.3 years of experience in applied machine learning. Worked across predictive modeling, NLP, analytics, and lightweight deployment workflows. I've spent the last couple of years building NLP-based classification and information extraction pipelines. I'm strongest at the modeling and analysis side; comfortable with Python, scikit-learn, pandas, and standard MLOps tooling, but I'm still building depth on the engineering and infra side of production ML. I want to grow into senior AI engineering — get serious about LLMs and retrieval beyond the surface level.","Elasticsearch, TTS, Image Classification, Diffusion Models, Statistical Modeling, RAG, OpenCV, Deep Learning, Feature Engineering, Data Science",0.5609,0.4525,1.0,1.0,0.375,0.3333,0.5,1.0,0.46
CAND_0015643,Saanvi Mukherjee,AI Research Engineer,Rephrase.ai,AI/ML,5.8,AI Research Engineer | Data Science & ML enthusiast,"Data scientist / ML engineer with 5.8 years of experience in applied machine learning. Worked across predictive modeling, NLP, analytics, and lightweight deployment workflows. I've been working on recommendation-style features but lighter on the deep-learning side — mostly classical methods like collaborative filtering and gradient-boosted models. I'm strongest at the modeling and analysis side; comfortable with Python, scikit-learn, pandas, and standard MLOps tooling, but I'm still building depth on the engineering and infra side of production ML. I'm looking to grow into a deeper AI/ML system-building role — closer to retrieval, LLMs, and modern ranking systems.","OpenSearch, CNN, Data Science, Kubeflow, Vue.js, YOLO, ASR, Image Classification, Vector Search, Fine-tuning LLMs",0.5602,0.5216,1.0,1.0,0.125,0.1667,0.5,1.0,0.62
CAND_0088438,Vikram Ghosh,Senior Software Engineer (ML),Saarthi.ai,Voice AI,6.6,Senior Software Engineer (ML) | Building ML-powered solutions,"Data scientist / ML engineer with 6.6 years of experience in applied machine learning. Worked across predictive modeling, NLP, analytics, and lightweight deployment workflows. I've spent the last couple of years building NLP-based classification and information extraction pipelines. I'm strongest at the modeling and analysis side; comfortable with Python, scikit-learn, pandas, and standard MLOps tooling, but I'm still building depth on the engineering and infra side of production ML. Looking for a role where I can step up to more end-to-end ownership of ML systems, not just modeling.","LLMs, Recommendation Systems, Pinecone, ASR, BM25, Machine Learning, Weaviate, BentoML, Haystack, YOLO",0.5601,0.4825,1.0,1.0,0.375,0.1667,0.5,1.0,0.46
CAND_0089362,Neha Shah,Data Engineer,Meesho,E-commerce,7.1,"Data Engineer | SQL, Spark, Cloud","Software / data professional with 7.1 years of experience building data pipelines, backend systems, and analytics infrastructure. Most of my work has been data pipelines and analytics infrastructure; I've shipped a couple of small ML features but it's not the core of my day. My toolkit is solid on the data engineering side — Python, SQL, Spark, Airflow, warehouse design — and I've completed a couple of self-directed ML projects (Kaggle competitions, side projects fine-tuning small models). Interested in transitioning toward more AI/ML-focused work, ideally at a company where I can leverage my existing data-infra skills while learning modern ML practice.","Computer Vision, Apache Beam, pgvector, Object Detection, Statistical Modeling, Figma, Microservices, SQL, Six Sigma, Feature Engineering",0.5599,0.5084,0.7,1.0,0.0,0.0,1.0,0.5,0.76
CAND_0050454,Saanvi Bansal,AI Engineer,Rephrase.ai,AI/ML,6.8,AI Engineer | Applied ML | Building intelligent products,"Machine learning engineer with 6.8 years of experience building ML-powered features in production. Strong background in NLP, recommendation systems, and applied AI; comfortable across the ML stack from feature engineering through deployment. Recently, I led the team that migrated our keyword-search-based product to embedding-based retrieval. I care a lot about evaluation rigor — too many teams ship models without offline benchmarks they trust. My academic background is in CS/ML but my main learning has come from shipping real systems and seeing what holds up under production load. Open to senior IC roles in applied ML or AI engineering, ideally at product companies where I'd own a meaningful piece of the ML stack.","PyTorch, LangChain, QLoRA, Fine-tuning LLMs, FAISS, Qdrant, Image Classification, scikit-learn, Feature Engineering, LoRA",0.5594,0.4235,1.0,1.0,0.5,0.3333,0.25,1.0,1.0
CAND_0078669,Divya Khanna,ML Engineer,Vedantu,EdTech,6.3,ML Engineer | Data Science & ML enthusiast,"Data scientist / ML engineer with 6.3 years of experience in applied machine learning. Worked across predictive modeling, NLP, analytics, and lightweight deployment workflows. I've been working on recommendation-style features but lighter on the deep-learning side — mostly classical methods like collaborative filtering and gradient-boosted models. I'm strongest at the modeling and analysis side; comfortable with Python, scikit-learn, pandas, and standard MLOps tooling, but I'm still building depth on the engineering and infra side of production ML. Looking for a role where I can step up to more end-to-end ownership of ML systems, not just modeling.","Recommendation Systems, Feature Engineering, RAG, Accounting, pgvector, MLflow, Reinforcement Learning, TTS, Apache Beam, BentoML",0.5592,0.4237,1.0,1.0,0.375,0.1667,0.5,1.0,0.76
CAND_0002120,Dhruv Khanna,ML Engineer,HCL,IT Services,6.5,ML Engineer | 6.5 yrs in analytics & ML,"Data scientist / ML engineer with 6.5 years of experience in applied machine learning. Worked across predictive modeling, NLP, analytics, and lightweight deployment workflows. I've been working on recommendation-style features but lighter on the deep-learning side — mostly classical methods like collaborative filtering and gradient-boosted models. I'm strongest at the modeling and analysis side; comfortable with Python, scikit-learn, pandas, and standard MLOps tooling, but I'm still building depth on the engineering and infra side of production ML. I'm looking to grow into a deeper AI/ML system-building role — closer to retrieval, LLMs, and modern ranking systems.","RAG, ETL, Hugging Face Transformers, Information Retrieval, Six Sigma, Pinecone, Reinforcement Learning, Data Science, Object Detection, Statistical Modeling",0.5591,0.4177,1.0,1.0,0.375,0.1667,0.5,1.0,0.92
CAND_0055139,Rajesh Subramanian,ML Engineer,HCL,IT Services,6.9,ML Engineer | Building ML-powered solutions,"Data scientist / ML engineer with 6.9 years of experience in applied machine learning. Worked across predictive modeling, NLP, analytics, and lightweight deployment workflows. Most of my recent work has been on predictive modeling for customer-facing problems — churn, conversion, lifetime value. I'm strongest at the modeling and analysis side; comfortable with Python, scikit-learn, pandas, and standard MLOps tooling, but I'm still building depth on the engineering and infra side of production ML. I want to grow into senior AI engineering — get serious about LLMs and retrieval beyond the surface level.","Statistical Modeling, Elasticsearch, Object Detection, Data Science, JavaScript, Python, Computer Vision, Semantic Search, Deep Learning, LLMs",0.559,0.4231,1.0,1.0,0.375,0.1667,0.5,1.0,0.76
CAND_0020224,Shreya Trivedi,Data Engineer,BYJU'S,EdTech,7.3,"Data Engineer | SQL, Spark, Cloud","Software / data professional with 7.3 years of experience building data pipelines, backend systems, and analytics infrastructure. I'm a backend/data hybrid — Spark, Airflow, SQL warehouses are home territory; I'm building competence on the ML side. My toolkit is solid on the data engineering side — Python, SQL, Spark, Airflow, warehouse design — and I've completed a couple of self-directed ML projects (Kaggle competitions, side projects fine-tuning small models). Interested in transitioning toward more AI/ML-focused work, ideally at a company where I can leverage my existing data-infra skills while learning modern ML practice.","Fine-tuning LLMs, Image Classification, Java, Kubernetes, Diffusion Models, JavaScript, Haystack, YOLO, Sales, OpenCV",0.5588,0.5417,0.7,1.0,0.0,0.0,1.0,1.0,0.46
CAND_0024620,Avni Rao,AI Engineer,PharmEasy,HealthTech,5.9,"AI Engineer | ML, NLP, Recommendation Systems","Machine learning engineer with 5.9 years of experience building ML-powered features in production. Strong background in NLP, recommendation systems, and applied AI; comfortable across the ML stack from feature engineering through deployment. Recently, I led the team that migrated our keyword-search-based product to embedding-based retrieval. I care a lot about evaluation rigor — too many teams ship models without offline benchmarks they trust. My academic background is in CS/ML but my main learning has come from shipping real systems and seeing what holds up under production load. Open to senior IC roles in applied ML or AI engineering, ideally at product companies where I'd own a meaningful piece of the ML stack.","Statistical Modeling, Object Detection, Semantic Search, BM25, Information Retrieval, Prompt Engineering, Diffusion Models, Feature Engineering, React, Python",0.5586,0.5201,1.0,1.0,0.375,0.0,0.5,1.0,0.92
CAND_0067535,Aarohi Mukherjee,Junior ML Engineer,Locobuzz,AI/ML,6.8,Junior ML Engineer | Data Science & ML enthusiast,"Data scientist / ML engineer with 6.8 years of experience in applied machine learning. Worked across predictive modeling, NLP, analytics, and lightweight deployment workflows. I've spent the last couple of years building NLP-based classification and information extraction pipelines. I'm strongest at the modeling and analysis side; comfortable with Python, scikit-learn, pandas, and standard MLOps tooling, but I'm still building depth on the engineering and infra side of production ML. Looking for a role where I can step up to more end-to-end ownership of ML systems, not just modeling.","Deep Learning, BentoML, Flask, Java, YOLO, Reinforcement Learning, LangChain, Databricks, scikit-learn, Prompt Engineering",0.5582,0.486,1.0,1.0,0.375,0.1667,0.5,1.0,0.92
